id,racial group,gender,state,You can choose not to answer any question at any time. This survey will take approximately 15 to 20 minutes to complete.,"In the past month, have recommendations for socially distancing caused stress for you?","Thinking about your current social habits, in the last 5 days:
 I have stayed home all day.","Thinking about your current social habits, in the last 5 days:
 I have gone to my workplace or volunteer site that is outside my home.","Thinking about your current social habits, in the last 5 days:
 I have attended social gatherings outside my home of MORE than 10 people.","Thinking about your current social habits, in the last 5 days:
 I have attended social gatherings outside my home of LESS than 10 people.","Thinking about your current social habits, in the last 5 days:
 I have gone on shopping trips or outings that were ""just for fun"".","Thinking about your current social habits, in the last 5 days:
 I have visited nursing homes or long-term care facilities (outside of work duties).","Thinking about your current social habits, in the last 5 days:
 I have been in close contact with someone who is in a risk group for COVID-19 (adults age 50+, people with chronic medical conditions like heart, lung, liver, or kidney disease, diabetes, high blood pressure, or a suppressed immune system). This includes someone inside or outside of your household.","Thinking about these activities in the last 5 days, my social interaction with people outside my home was","Now, thinking about the COVID-19 recommendations and mandates...How often in the past month are you doing the recommended pandemic hygiene, like washing hands frequently, avoiding touching your face, covering coughs, wearing a mask, and avoiding frequently touched surfaces in public places?","In the past month, have you been sick for more than one day with a new illness related to COVID-19 or flu-like symptoms?",Approximate date of onset,Which of the following symptoms did you have? (select all that apply),"Have you EVER been near someone that you know or suspect had COVID-19 (such as co-workers, family members, or others)? Please select all that apply.",Do you think you have had COVID-19?,Were you tested for COVID-19 in the past month?,Was the test for COVID-19 positive?,How were you tested? Please select all that apply.,Were you tested for influenza (flu) in the past month?,"In the past month, if you were sick with COVID-19 symptoms, how did you receive treatment(s)? Please select all that apply.",What breathing treatment did you receive? Please select all that apply.,Please specify.,"In the past 7 days, I thought about COVID-19 when I didn't mean to.","In the past 7 days, I felt watchful or on-guard.","In the past 7 days, other things kept making me think about COVID-19.","In the past 7 days, I was aware that I still had a lot of feelings about COVID-19, but I didn't deal with them.","In the past 7 days, I tried not to think about COVID-19.","In the past 7 days, I had trouble concentrating.","In the past month, how has the COVID-19 outbreak affected you? Please select all that apply.","In the past month, have you experienced the following as a result of COVID-19? Please select all that apply.","In the past month, have the following behaviors increased in your household? Please select all that apply.","In the past month, to cope with social distancing and isolation, are you doing any of the following? Please select all that apply.","Choose the answer that best describes how you felt in the past month.
 In uncertain times, I usually expect the best.","Choose the answer that best describes how you felt in the past month.
 In general, how happy are you?","Choose the answer that best describes how you felt in the past month.
 To what extent do you feel your life to be meaningful?","Not including yourself, how many other people live at home with you?",Think of other people who live with you. How many are under the age of 18 years?,What type of household do you live in?,Please specify.,What is your current employment status? Please select all that apply.,Are you covered by health insurance or some other kind of health care plan?,Are you currently covered by any of the following types of health insurance or health care plans? Select all that apply.,Please specify.,Are you currently on chemotherapy or immunotherapy?,"Do you regularly take immunosuppressant medications (including steroids, methotrexate, biologic agents)?",What is your current marital status?,Are you currently pregnant?,"Choose the answer that best describes how often you can find this kind of support in the past month.
 Someone to help you if you were confined to bed","Choose the answer that best describes how often you can find this kind of support in the past month.
 Someone to take you to the doctor if you needed it","Choose the answer that best describes how often you can find this kind of support in the past month.
 Someone to prepare your meals if you were unable to do it yourself","Choose the answer that best describes how often you can find this kind of support in the past month.
 Someone to help with daily chores if you were sick","Choose the answer that best describes how often you can find this kind of support in the past month.
 Someone to have a good time with","Choose the answer that best describes how often you can find this kind of support in the past month.
 Someone to turn to for suggestions about how to deal with a personal problem","Choose the answer that best describes how often you can find this kind of support in the past month.
 Someone who understands your problems","Choose the answer that best describes how often you can find this kind of support in the past month.
 Someone to love and make you feel wanted","Choose the answer that best describes how often you can find this kind of support in the past month.
 Someone to confide in or talk to about yourself or your problems","Choose the answer that best describes how often you can find this kind of support in the past month.
 Someone to do things with to help you get your mind off things","In the past 2 weeks, how often have you been bothered by the following problem?
 Feeling nervous, anxious, or on edge","In the past 2 weeks, how often have you been bothered by the following problem?
 Not being able to stop or control worrying","In the past 2 weeks, how often have you been bothered by the following problem?
 Worrying too much about different things","In the past 2 weeks, how often have you been bothered by the following problem?
 Trouble relaxing","In the past 2 weeks, how often have you been bothered by the following problem?
 Being so restless that it's hard to sit still","In the past 2 weeks, how often have you been bothered by the following problem?
 Becoming easily annoyed or irritable","In the past 2 weeks, how often have you been bothered by the following problem?
 Feeling afraid as if something awful might happen","In the past 2 weeks, how often have you been bothered by:
 Little interest or pleasure in doing things","In the past 2 weeks, how often have you been bothered by:
 Feeling down, depressed, or hopeless","In the past 2 weeks, how often have you been bothered by:
 Trouble falling or staying asleep, or sleeping too much","In the past 2 weeks, how often have you been bothered by:
 Feeling tired or having little energy","In the past 2 weeks, how often have you been bothered by:
 Poor appetite or overeating","In the past 2 weeks, how often have you been bothered by:
 Feeling bad about yourself or that you are a failure or have let yourself or your family down","In the past 2 weeks, how often have you been bothered by:
 Trouble concentrating on things, such as reading the newspaper or watching television","In the past 2 weeks, how often have you been bothered by:
 Moving or speaking so slowly that other people could have noticed? Or the opposite - being so fidgety or restless that you have been moving around a lot more than usual","In the past 2 weeks, how often have you been bothered by:
 Thoughts that you would be better off dead or of hurting yourself in some way","If this is how you feel, think about getting help. There are people who can help 24/7.
 
 <a href=""sms:741741"">Text the Crisis Text Line at 741741</a> or <a href=""tel:1-800-273-8255"">Call the National Suicide Prevention Lifeline at 1-800-273-8255.</a>","In the last month, how often have you been upset because of something that happened unexpectedly?","In the last month, how often have you felt that you were unable to control the important things in your life?","In the last month, how often have you felt nervous and ""stressed?""","In the last month, how often have you felt confident about your ability to handle your personal problems?","In the last month, how often have you felt that things were going your way?","In the last month, how often have you found that you could not cope with all the things that you had to do?","In the last month, how often have you been able to control irritations in your life?","In the last month, how often have you felt that you were on top of things?","In the last month, how often have you been angered because of things that were outside of your control?","In the last month, how often have you felt difficulties were piling up so high that you could not overcome them?","Think about all the vigorous activities that you did in the last 7 days. Vigorous physical activities refer to activities that take hard physical effort and make you breathe much harder than normal. Think only about those physical activities that you did for at least 10 minutes at a time.
 
 During the last 7 days, did you do vigorous physical activities like heavy lifting, digging, aerobics, or fast bicycling?",How many days per week?,How much time did you usually spend doing vigorous physical activities on one of those days (hours per day)?,How much time did you usually spend doing vigorous physical activities on one of those days (minutes per day)?,"Think about all the moderate activities that you did in the last 7 days. Moderate activities refer to activities that take moderate physical effort and make you breathe somewhat harder than normal. Think only about those physical activities that you did for at least 10 minutes at a time.
 
 During the last 7 days, did you do moderate physical activity like carrying light loads, bicycling at a regular pace, or doubles tennis?",How many days per week?,How much time did you usually spend doing moderate physical activities on one of those days (hours per day)?,How much time did you usually spend doing moderate physical activities on one of those those days (minutes per day)?,"Think about the time you spent walking in the last 7 days. This includes at work and at home, walking to travel from place to place, and any other walking that you have done solely for recreation, sport, exercise, or leisure.
 
 During the last 7 days, did you walk for at least 10 minutes at a time?",How many days per week?,How much time did you usually spend walking on one of those days (hours per day)?,How much time did you usually spend walking on one of those days (minutes per day)?,"The last question is about the time you spent sitting on weekdays during the last 7 days. Include time spent at work, at home, while doing course work and during leisure time. This may include time spent sitting at a desk, visiting friends, reading, or sitting or lying down to watch television.
 
 During the last 7 days, how much time did you spend sitting on a weekday?",Hours per day,Minutes per day,"Choose the answer that is true for you in the past month.
 I lack companionship","Choose the answer that is true for you in the past month.
 There is no one I can turn to","Choose the answer that is true for you in the past month.
 I am an outgoing person","Choose the answer that is true for you in the past month.
 I feel left out","Choose the answer that is true for you in the past month.
 I feel isolated from others","Choose the answer that is true for you in the past month.
 I can find companionship when I want it","Choose the answer that is true for you in the past month.
 I am unhappy being so withdrawn","Choose the answer that is true for you in the past month.
 People are around me but not with me","In the past month:
 Did you smoke tobacco/nicotine (including cigarettes, cigar, cigarillos, pipes, hookah) every day, some days, or not at all?",How long has it been since you last smoked?,Enter the number of weeks,Enter the number of months,Enter the number of years,"In the past month:
 Did someone in your home smoke tobacco/nicotine (including cigarettes, cigar, cigarillos, pipes, hookah) every day, some days, or not at all?","In the past month:
 Did you use any type of electronic nicotine product? This includes e- cigarettes, vape pens, hookah pens, personal vaporizers and mods, e-cigars, e-pipes, and e-hookahs.",How long has it been since you last used an electronic nicotine product?,Enter the number of weeks,Enter the number of months,Enter the number of years,"In the past month:
 How often do you have a drink containing alcohol?","In the past month:
 How many standard drinks containing alcohol do you have on a typical day?","In the past month:
 How often do you have six or more drinks containing alcohol on one occasion?","In the past month, have you used any of the following drugs? Select all that apply.",How often did you use cannabis?,Did your use include smoking cannabis?,Do you think you have used more or less cannabis in the past month than you used to?,How often did you use synthetic marijuana or fake weed?,Did your use include smoking synthetic marijuana or fake weed?,Do you think you have used more or less synthetic marijuana or fake weed in the past month than you used to?,How often did you use cocaine?,Did your use include smoking cocaine?,Do you think you have used more or less cocaine in the past month than you used to?,How often did you use prescription stimulants?,Did you use prescription stimulants in any way a doctor did not direct you to use it?,Do you think you have used more or less prescription stimulants in the past month than you used to?,How often did you use methamphetamine?,Did your use include smoking methamphetamine?,Do you think you have used more or less methamphetamine in the past month than you used to?,How often did you use synthetic stimulants?,Did your use include smoking synthetic stimulants?,Do you think you have used more or less synthetic stimulants in the past month than you used to?,How often did you use inhalants?,Do you think you have used more or less inhalants in the past month than you used to?,How often did you use prescription sedatives or prescription sleeping pills?,Did you use prescription sedatives or prescription sleeping pills in any way a doctor did not direct you to use it?,Do you think you have used more or less prescription sedatives or prescription sleeping pills in the past month than you used to?,How often did you use hallucinogens?,Did your use include smoking hallucinogens?,Do you think you have used more or less hallucinogens in the past month than you used to?,How often did you use heroin?,Did your use include smoking heroin?,Do you think you have used more or less heroin in the past month than you used to?,Did you use prescription opioids in any way a doctor did not direct you to use it?,How often did you use prescription opioids?,Did your use include smoking prescription opioids?,Do you think you have used more or less prescription opioids in the past month than you used to?,Other substance - please specify,How often did you use the other substance?,Did your use include smoking the other substance?,Do you think you have used more or less of the other substance in the past month than you used to?,"Please select the response that best reflects your behavior in the past month.
 I look for creative ways to alter difficult situations.","Please select the response that best reflects your behavior in the past month.
 Regardless of what happens to me, I believe I can control my reaction to it.","Please select the response that best reflects your behavior in the past month.
 I believe I can grow in positive ways by dealing with difficult situations.","Please select the response that best reflects your behavior in the past month.
 I actively look for ways to replace the losses I encounter in life.","In your day-to-day life, how often did this happen to you during the past month?
 You are treated with less courtesy than other people are.","In your day-to-day life, how often did this happen to you during the past month?
 You are treated with less respect than other people are.","In your day-to-day life, how often did this happen to you during the past month?
 You receive poorer service than other people at restaurants or stores.","In your day-to-day life, how often did this happen to you during the past month?
 People act as if they think you are not smart.","In your day-to-day life, how often did this happen to you during the past month?
 People act as if they are afraid of you.","In your day-to-day life, how often did this happen to you during the past month?
 People act as if they think you are dishonest.","In your day-to-day life, how often did this happen to you during the past month?
 People act as if they're better than you are.","In your day-to-day life, how often did this happen to you during the past month?
 You are called names or insulted.","In your day-to-day life, how often did this happen to you during the past month?
 You are threatened or harassed.",What do you think is the main reason for these experiences? Select all that apply.,Other reason - please specify.,How many times were you tested?,Do you personally know someone who has died of COVID-19?,Who do you know who has died? Check all that apply.,Please specify.
1,race a,gender a,Virginia,a_response,a_response,a_response,a_response,a_response,a_response,a_response,a_response,a_response,a_response,a_response,a_response,a_response,a_response,a_response,a_response,a_response,a_response,a_response,a_response,a_response,a_response,a_response,a_response,a_response,a_response,a_response,a_response,a_response,a_response,a_response,a_response,a_response,a_response,a_response,a_response,a_response,a_response,a_response,a_response,a_response,a_response,a_response,a_response,a_response,a_response,a_response,a_response,a_response,a_response,a_response,a_response,a_response,a_response,a_response,a_response,a_response,a_response,a_response,a_response,a_response,a_response,a_response,a_response,a_response,a_response,a_response,a_response,a_response,a_response,a_response,a_response,a_response,a_response,a_response,a_response,a_response,a_response,a_response,a_response,a_response,a_response,a_response,a_response,a_response,a_response,a_response,a_response,a_response,a_response,a_response,a_response,a_response,a_response,a_response,a_response,a_response,a_response,a_response,a_response,a_response,a_response,a_response,a_response,a_response,a_response,a_response,a_response,a_response,a_response,a_response,a_response,a_response,a_response,a_response,a_response,a_response,a_response,a_response,a_response,a_response,a_response,a_response,a_response,a_response,a_response,a_response,a_response,a_response,a_response,a_response,a_response,a_response,a_response,a_response,a_response,a_response,a_response,a_response,a_response,a_response,a_response,a_response,a_response,a_response,a_response,a_response,a_response,a_response,a_response,a_response,a_response,a_response,a_response,a_response,a_response,a_response,a_response,a_response,a_response,a_response,a_response,a_response,a_response,a_response,a_response,a_response,a_response,a_response,a_response,a_response,a_response,a_response,a_response,a_response,a_response,a_response,a_response,a_response
2,race b,gender a,Virginia,response a,response a,response b,response b,response b,response b,response b,,response a,response a,response b,response b,response b,response b,,response b,response a,response a,response b,response b,response b,,response b,response b,response a,response a,response b,response b,,response b,response b,response b,response a,response a,response b,,response b,response b,response b,response b,response a,response a,,response b,response b,response b,response b,response b,response a,response a,response b,response b,response b,response b,response b,response b,response a,response a,response b,response b,response b,response b,response b,,response a,response a,response b,response b,response b,response b,,response b,response a,response a,response b,response b,response b,,response b,response b,response a,response a,response b,response b,,response b,response b,response b,response a,response a,response b,,response b,response b,response b,response b,response a,response a,,response b,response b,response b,response b,response b,response a,response a,response b,response b,response b,response b,response b,response b,response a,response a,response b,response b,response b,response b,response b,,response a,response a,response b,response b,response b,response b,,response b,response a,response a,response b,response b,response b,,response b,response b,response a,response a,response b,response b,,response b,response b,response b,response a,response a,response b,,response b,response b,response b,response b,response a,response a,,response b,response b,response b,response b,response b,response a,response a,response b,response b,response b,response b,response b,response b,response a,response a,response b,response b,response b,response b,response b,,response a,response a,response b
3,race b,gender b,Virginia,response a,response b,response a,response b,response a,response b,response a,response b,response b,response b,response c,response b,response b,response b,response b,response b,response a,response b,response a,response b,response a,response b,response a,response b,response b,response b,response b,response b,response b,response b,response c,response b,response a,response b,response a,response b,response a,response b,response a,response b,response c,response b,response b,response b,response b,response b,response b,response b,response a,response b,response a,response b,response a,response b,response a,response b,response b,response b,response b,response b,response c,response b,response b,response b,response a,response b,response a,response b,response a,response b,response a,response b,response b,response b,response b,response b,response b,response b,response b,response b,response a,response b,response a,response b,response a,response b,response a,response b,response b,response b,response c,response b,response b,response b,response b,response b,response a,response b,response a,response b,response a,response b,response a,response b,response b,response b,response b,response b,response b,response b,response c,response b,response a,response b,response a,response b,response a,response b,response a,response b,response c,response b,response b,response b,response b,response b,response b,response b,response a,response b,response a,response b,response a,response b,response a,response b,response b,response b,response b,response b,response c,response b,response b,response b,response a,response b,response a,response b,response a,response b,response a,response b,response b,response b,response b,response b,response b,response b,response b,response b,response a,response b,response a,response b,response a,response b,response a,response b,response b,response b,response c,response b,response b,response b,response b,response b,response a,response b,response a
4,race a,gender b,Virginia,,response b,response b,response b,response b,response b,response b,response b,response b,response b,response a,response b,response b,response b,response b,response b,,response b,response b,response b,response a,response b,response b,response b,response b,response b,response b,response b,response b,response b,response a,response b,,response b,response b,response b,response b,response b,response b,response b,response a,response b,response b,response b,response b,response b,response b,response b,,response b,response a,response b,response b,response b,response b,response b,response b,response b,response b,response b,response a,response b,response b,response b,,response b,response b,response b,response b,response b,response a,response b,response b,response b,response b,response b,response b,response b,response b,response b,,response b,response b,response b,response b,response b,response b,response b,response b,response b,response a,response b,response b,response b,response b,response b,,response b,response b,response b,response a,response b,response b,response b,response b,response b,response b,response b,response b,response b,response a,response b,,response b,response b,response b,response b,response b,response b,response b,response a,response b,response b,response b,response b,response b,response b,response b,,response b,response a,response b,response b,response b,response b,response b,response b,response b,response b,response b,response a,response b,response b,response b,,response b,response b,response b,response b,response b,response a,response b,response b,response b,response b,response b,response b,response b,response b,response b,,response b,response b,response b,response b,response b,response b,response b,response b,response b,response a,response b,response b,response b,response b,response b,,response b,response b
